Name,Address,Sector,Industry,Full Time Employees,Description,Total ESG Risk score,Environment Risk Score,Governance Risk Score,Social Risk Score,Controversy Level,Controversy Score,ESG Risk Percentile,ESG Risk Level,Group,AvgReturn,Group_Traditional,predicted_returns
Accenture Plc Cl A,"1 Grand Canal Square
Grand Canal Harbour
Dublin D02 P820
Ireland
353 1 646 2000
https://www.accenture.com",Technology,Information Technology Services,732000.0,"Accenture plc, a professional services company, provides strategy and consulting, interactive, industry X, song, and technology and operation services worldwide. The company offers application services, including agile transformation, DevOps, application modernization, enterprise architecture, software and quality engineering, data management, intelligent automation comprises robotic process automation, natural language processing, and virtual agents, and application management services, as well as software engineering services; strategy and consulting services; data and analytics strategy, data discovery and augmentation, data management and beyond, data democratization, and industrialized solutions comprises turnkey analytics and artificial intelligence (AI) solutions; metaverse; and sustainability services. It also provides change management, HR transformation and delivery, organization strategy and design, talent strategy and development, and leadership and culture services; digital commerce; infrastructure services, including cloud infrastructure managed, cloud and data center, network, digital workplace, database platforms, service management, and cloud and infrastructure security services; data-enabled operating models; technology consulting and AI services; and technology consulting services. In addition, the company offers engineering and R&D digitization, smart connected products, product as-a-service enablement, capital projects, intelligent asset management, digital industrial workforce, and autonomous robotic systems; business process outsourcing; and services related to technology innovation. Further, it provides cloud, ecosystem, marketing, security, supply chain management, zero-based transformation, customer experience, finance consulting, mergers and acquisitions, and sustainability services. The company has a collaboration with Amazon Web Services to develop cross-industry solutions. The company was founded in 1951 and is based in Dublin, Ireland.",10.0,0.3,4.8,4.6,Moderate,2.0,2nd percentile,Negligible,ESG,0.009220753888553875,0,0.0023791556358657125
Home Depot Inc,"2455 Paces Ferry Road
Atlanta, GA 30339
United States
770 433 8211
https://www.homedepot.com",Consumer Cyclical,Home Improvement Retail,470000.0,"The Home Depot, Inc. operates as a home improvement retailer. It sells various building materials, home improvement products, lawn and garden products, and décor products, as well as facilities maintenance, repair, and operations products. The company also offers installation services for flooring, water heaters, bath, garage doors, cabinets, cabinet makeovers, countertops, sheds, furnaces and central air systems, and windows. In addition, it provides tool and equipment rental services. The company primarily serves homeowners; and professional renovators/remodelers, general contractors, maintenance professionals, handymen, property managers, and building service contractors, as well as specialty tradesmen, such as electricians, plumbers, and painters. It also sells its products through websites, including homedepot.com; homedepot.ca and homedepot.com.mx; blinds.com, an online site for custom window coverings; and thecompanystore.com, an online site for textiles and décor products, as well as through The Home Depot stores. The Home Depot, Inc. was incorporated in 1978 and is based in Atlanta, Georgia.",13.0,3.4,3.6,5.5,Moderate,2.0,5th percentile,Low,ESG,0.011636010402691601,0,0.0037497558439901378
Target Corp,"1000 Nicollet Mall
Minneapolis, MN 55403
United States
612 304 6073
https://corporate.target.com",Consumer Defensive,Discount Stores,440000.0,"Target Corporation operates as a general merchandise retailer in the United States. The company offers apparel for women, men, boys, girls, toddlers, and infants and newborns, as well as jewelry, accessories, and shoes; and beauty and personal care, baby gear, cleaning, paper products, and pet supplies. It also provides dry grocery, dairy, frozen food, beverages, candy, snacks, deli, bakery, meat, and food service; electronics, which includes video game hardware and software, toys, entertainment, sporting goods, and luggage; and furniture, lighting, storage, kitchenware, small appliances, home décor, bed and bath, home improvement, school/office supplies, greeting cards and party supplies, and other seasonal merchandise. In addition, the company sells merchandise through periodic design and creative partnerships, and shop-in-shop experience; and in-store amenities. Further, it sells its products through its stores; and digital channels, including Target.com. Target Corporation was incorporated in 1902 and is headquartered in Minneapolis, Minnesota.",15.0,2.0,5.1,7.6,Significant,3.0,10th percentile,Low,ESG,-0.0014636873811699805,0,0.003906694799118889
Unitedhealth Group Inc,"UnitedHealth Group Center
9900 Bren Road East
Minnetonka, MN 55343
United States
952 936 1300
https://www.unitedhealthgroup.com",Healthcare,Healthcare Plans,400000.0,"UnitedHealth Group Incorporated operates as a diversified health care company in the United States. It operates through four segments: UnitedHealthcare, Optum Health, Optum Insight, and Optum Rx. The UnitedHealthcare segment offers consumer-oriented health benefit plans and services for national employers, public sector employers, mid-sized employers, small businesses, and individuals; health care coverage, and health and well-being services to individuals age 50 and older addressing their needs; Medicaid plans, children's health insurance and health care programs; and health and dental benefits, and hospital and clinical services, as well as health care benefits products and services to state programs caring for the economically disadvantaged, medically underserved, and those without the benefit of employer-funded health care coverage. The OptumHealth segment provides care delivery, care management, wellness and consumer engagement, and health financial services for consumers, care delivery systems, providers, employers, payers, and public-sector entities. The OptumInsight segment offers software and information products, advisory consulting arrangements, and managed services outsourcing contracts to hospital systems, physicians, health plans, governments, life sciences companies, and other organizations. The OptumRx segment provides pharmacy care services and programs, including retail network contracting, home delivery, specialty and community health pharmacy services, and purchasing and clinical capabilities, as well as develops programs in the areas of step therapy, formulary management, drug adherence, and disease/drug therapy management. UnitedHealth Group Incorporated was incorporated in 1977 and is based in Minnetonka, Minnesota.",18.0,0.0,5.9,11.6,Significant,3.0,17th percentile,Low,ESG,0.02333337043983736,0,0.004115946739290556
Cognizant Tech Solutions A,"300 Frank West Burr Boulevard
Teaneck, NJ 07666
United States
201 801 0233
https://www.cognizant.com",Technology,Information Technology Services,345600.0,"Cognizant Technology Solutions Corporation, a professional services company, provides consulting and technology, and outsourcing services in North America, Europe, and internationally. It operates through four segments: Financial Services; Health Sciences; Products and Resources; and Communications, Media and Technology. The company offers customer experience enhancement, robotic process automation, analytics, and AI services in areas, such as digital lending, fraud detection, and next generation payments; the shift towards consumerism, outcome-based contracting, digital health, delivering integrated seamless, omni-channel, and patient-centered experience; and services that drive operational improvements in areas, such as clinical development, pharmacovigilance, and manufacturing, as well as claims processing, enrollment, membership, and billing to healthcare providers and payers, and life sciences companies, including pharmaceutical, biotech, and medical device companies. It also provides solution to manufacturers, automakers, retailers and travel and hospitality companies, as well as companies providing logistics, energy and utility services; and digital content, the creation of personalized user experience, and acceleration of digital engineering services to communications, media and entertainment, education, and information services and technology companies. The company has a strategic partnership with ServiceNow, Inc. to accelerate adoption of AI-driven automation across industries. The company was founded in 1994 and is headquartered in Teaneck, New Jersey.",14.0,1.1,5.6,7.6,Moderate,2.0,9th percentile,Low,ESG,-0.009983940115848144,0,0.004400529377924026
Tjx Companies Inc,"770 Cochituate Road
Framingham, MA 01701
United States
508 390 1000
https://www.tjx.com",Consumer Cyclical,Apparel Retail,329000.0,"The TJX Companies, Inc., together with its subsidiaries, operates as an off-price apparel and home fashions retailer in the United States, Canada, Europe, and Australia. It operates through four segments: Marmaxx, HomeGoods, TJX Canada, and TJX International. The company sells family apparel, including footwear and accessories; home fashions, such as home basics, furniture, rugs, lighting products, giftware, soft home products, decorative accessories, tabletop, and cookware, as well as expanded pet, kids, and gourmet food departments; jewelry and accessories; and other merchandise. The TJX Companies, Inc. was incorporated in 1962 and is headquartered in Framingham, Massachusetts.",14.0,1.9,5.1,7.4,Moderate,2.0,9th percentile,Low,ESG,0.013254815035776529,0,0.004487368933095267
Walgreens Boots Alliance Inc,"108 Wilmot Road
Deerfield, IL 60015
United States
847 315 3700
https://www.walgreensbootsalliance.com",Healthcare,Pharmaceutical Retailers,325000.0,"Walgreens Boots Alliance, Inc. operates as a pharmacy-led health and beauty retail company. It operates through two segments, the United States and International. The United States segment sells prescription drugs and an assortment of retail products, including health, wellness, beauty, personal care, consumable, and general merchandise products through its retail drugstores. It also provides central specialty pharmacy services and mail services. The company operates under the Walgreens and Duane Reade brands in the United States. The International segment sells prescription drugs; and health and wellness, beauty, personal care, and other consumer products through its pharmacy-led health and beauty retail stores and optical practices, as well as through boots.com and an integrated mobile application. It also engages in pharmaceutical wholesaling and distribution business in Germany. The company operates retail stores under the Boots, Benavides, and Ahumada in the United Kingdom, Thailand, Norway, the Republic of Ireland, the Netherlands, Mexico, and Chile. Walgreens Boots Alliance, Inc. was founded in 1901 and is based in Deerfield, Illinois.",18.0,2.0,4.7,11.5,Significant,3.0,20th percentile,Low,ESG,-0.005345440785236901,0,0.004508294127112435
Pepsico Inc,"700 Anderson Hill Road
Purchase, NY 10577
United States
914 253 2000
https://www.pepsico.com",Consumer Defensive,Beverages—Non-Alcoholic,315000.0,"PepsiCo, Inc. manufactures, markets, distributes, and sells various beverages and convenient foods worldwide. The company operates through seven segments: Frito-Lay North America; Quaker Foods North America; PepsiCo Beverages North America; Latin America; Europe; Africa, Middle East and South Asia; and Asia Pacific, Australia and New Zealand and China Region. It provides dips, cheese-flavored snacks, and spreads, as well as corn, potato, and tortilla chips; cereals, rice, pasta, mixes and syrups, granola bars, grits, oatmeal, rice cakes, simply granola, and side dishes; beverage concentrates, fountain syrups, and finished goods; ready-to-drink tea, coffee, and juices; dairy products; and sparkling water makers and related products. The company offers its products primarily under the Lay's, Doritos, Cheetos, Gatorade, Pepsi-Cola, Mountain Dew, Quaker, Aquafina, Emperador, Diet Mountain Dew, Diet Pepsi, Gatorade Zero, Propel, Marias Gamesa, Ruffles, Sabritas, Saladitas, Tostitos, 7UP, Diet 7UP, H2oh!, Manzanita Sol, Mirinda, Pepsi Black, San Carlos, Toddy, Walkers, Chipsy, Kurkure, Sasko, Spekko, White Star, Smith's, Sting, SodaStream, Lubimy Sad, Pepsi, and other brands. It serves wholesale and other distributors, foodservice customers, grocery stores, drug stores, convenience stores, discount/dollar stores, mass merchandisers, membership stores, hard discounters, e-commerce retailers and authorized independent bottlers, and others through a network of direct-store-delivery, customer warehouse, and distributor networks, as well as directly to consumers through e-commerce platforms and retailers. The company was founded in 1898 and is based in Purchase, New York.",16.0,4.9,4.5,6.6,Significant,3.0,13th percentile,Low,ESG,0.015565140895434742,0,0.004560607112155351
United Parcel Service Cl B,"55 Glenlake Parkway, N.E.
Atlanta, GA 30328
United States
404 828 6000
https://www.ups.com",Industrials,Integrated Freight & Logistics,300160.0,"United Parcel Service, Inc., a package delivery company, provides transportation and delivery, distribution, contract logistics, ocean freight, airfreight, customs brokerage, and insurance services. It operates through two segments, U.S. Domestic Package and International Package. The U.S. Domestic Package segment offers time-definite delivery of letters, documents, small packages, and palletized freight through air and ground services in the United States. The International Package segment provides guaranteed day and time-definite international shipping services comprising guaranteed time-definite express options in Europe, Asia, the Indian sub-continent, the Middle East, Africa, Canada, and Latin America. The company also provides international air and ocean freight forwarding, post-sales, and mail and consulting services. In addition, it offers truckload brokerage services; supply chain solutions to the healthcare and life sciences industries; financial and information services; and fulfillment and transportation management services. United Parcel Service, Inc. was founded in 1907 and is headquartered in Atlanta, Georgia.",20.0,4.6,5.4,9.6,Moderate,2.0,24th percentile,Low,ESG,0.011422763138612737,0,0.00463823958195904
Lowe S Cos Inc,"1000 Lowe’s Boulevard
Mooresville, NC 28117
United States
704 758 1000
https://www.lowes.com",Consumer Cyclical,Home Improvement Retail,300000.0,"Lowe's Companies, Inc., together with its subsidiaries, operates as a home improvement retailer in the United States. The company offers a line of products for construction, maintenance, repair, remodeling, and decorating. It also provides home improvement products, such as appliances, seasonal and outdoor living, lawn and garden, lumber, kitchens and bath, tools, paint, millwork, hardware, flooring, rough plumbing, building materials, décor, and electrical. In addition, the company offers installation services through independent contractors in various product categories; and extended protection plans and repair services. It sells its national brand-name merchandise and private brand products to professional customers, homeowners, and renters. The company also sells its products through Lowes.com website; and through mobile applications. Lowe's Companies, Inc. was founded in 1921 and is based in Mooresville, North Carolina.",11.0,3.7,3.2,4.6,Moderate,2.0,4th percentile,Low,ESG,0.011777746255270997,0,0.004639076589719727
Intl Business Machines Corp,"One New Orchard Road
Armonk, NY 10504
United States
914 499 1900
https://www.ibm.com",Technology,Information Technology Services,288300.0,"International Business Machines Corporation, together with its subsidiaries, provides integrated solutions and services worldwide. The company operates through four business segments: Software, Consulting, Infrastructure, and Financing. The Software segment offers hybrid cloud platform and software solutions; software for business automation, AIOps and management, integration, and application servers; data and artificial intelligence solutions; and security software and services for threat, data, and identity. This segment also provides transaction processing software that supports clients' mission-critical and on-premise workloads in banking, airlines, and retail industries. The Consulting segment offers business transformation services, including strategy, business process design and operations, data and analytics, and system integration services; technology consulting services; and application and cloud platform services. The Infrastructure segment provides on-premises and cloud-based server and storage solutions for its clients' mission-critical and regulated workloads; and support services and solutions for hybrid cloud infrastructure, as well as remanufacturing and remarketing services for used equipment. The Financing segment offers lease, installment payment, loan financing, and short-term working capital financing services. The company has collaboration agreement with Siemens Digital Industri Software to develop a combined software solution. The company was formerly known as Computing-Tabulating-Recording Co. International Business Machines Corporation was incorporated in 1911 and is headquartered in Armonk, New York.",15.0,0.5,7.6,6.7,Moderate,2.0,10th percentile,Low,ESG,0.015991830420613168,0,0.00470028278221994
Microsoft Corp,"One Microsoft Way
Redmond, WA 98052-6399
United States
425 882 8080
https://www.microsoft.com",Technology,Software—Infrastructure,221000.0,"Microsoft Corporation develops and supports software, services, devices and solutions worldwide. The Productivity and Business Processes segment offers office, exchange, SharePoint, Microsoft Teams, office 365 Security and Compliance, Microsoft viva, and Microsoft 365 copilot; and office consumer services, such as Microsoft 365 consumer subscriptions, Office licensed on-premises, and other office services. This segment also provides LinkedIn; and dynamics business solutions, including Dynamics 365, a set of intelligent, cloud-based applications across ERP, CRM, power apps, and power automate; and on-premises ERP and CRM applications. The Intelligent Cloud segment provides server products and cloud services, such as azure and other cloud services; SQL and windows server, visual studio, system center, and related client access licenses, as well as nuance and GitHub; and enterprise services including enterprise support services, industry solutions, and nuance professional services. The More Personal Computing segment offers Windows, including windows OEM licensing and other non-volume licensing of the Windows operating system; Windows commercial comprising volume licensing of the Windows operating system, windows cloud services, and other Windows commercial offerings; patent licensing; and windows Internet of Things; and devices, such as surface, HoloLens, and PC accessories. Additionally, this segment provides gaming, which includes Xbox hardware and content, and first- and third-party content; Xbox game pass and other subscriptions, cloud gaming, advertising, third-party disc royalties, and other cloud services; and search and news advertising, which includes Bing, Microsoft News and Edge, and third-party affiliates. The company sells its products through OEMs, distributors, and resellers; and directly through digital marketplaces, online, and retail stores. The company was founded in 1975 and is headquartered in Redmond, Washington.",15.0,1.5,5.3,8.4,Significant,3.0,11th percentile,Low,ESG,0.004645820425792685,0,0.005052349171558771
Walt Disney Co,"500 South Buena Vista Street
Burbank, CA 91521
United States
818 560 1000
https://www.thewaltdisneycompany.com",Communication Services,Entertainment,171600.0,"The Walt Disney Company, together with its subsidiaries, operates as an entertainment company worldwide. It operates through two segments, Disney Media and Entertainment Distribution; and Disney Parks, Experiences and Products. The company engages in the film and episodic television content production and distribution activities, as well as operates television networks under the ABC, Disney, ESPN, Freeform, FX, Fox, National Geographic, and Star brands; and studios that produces films under the Walt Disney Pictures, Twentieth Century Studios, Marvel, Lucasfilm, Pixar, and Searchlight Pictures banners. It also offers direct-to-consumer streaming services through Disney+, Disney+ Hotstar, ESPN+, Hulu, and Star+; sale/licensing of film and television content to third-party television and subscription video-on-demand services; theatrical, home entertainment, and music distribution services; staging and licensing of live entertainment events; and post-production services by Industrial Light & Magic and Skywalker Sound. In addition, the company operates theme parks and resorts, such as Walt Disney World Resort in Florida; Disneyland Resort in California; Disneyland Paris; Hong Kong Disneyland Resort; and Shanghai Disney Resort; Disney Cruise Line, Disney Vacation Club, National Geographic Expeditions, and Adventures by Disney, as well as Aulani, a Disney resort and spa in Hawaii. Further, it licenses its intellectual property to a third party for the operations of the Tokyo Disney Resort; provides consumer products, including licensing of trade names, characters, visual, literary, and other IP for use on merchandise, published materials, and games; operates a direct-to-home satellite distribution platform; sells branded merchandise through retail, online, and wholesale businesses; and develops and publishes books, comic books, and magazines. The Walt Disney Company was founded in 1923 and is based in Burbank, California.",15.0,0.1,6.9,7.9,Moderate,2.0,10th percentile,Low,ESG,-0.024196239397308725,0,0.0053107753176707805
Dollar General Corp,"100 Mission Ridge
Goodlettsville, TN 37072
United States
615 855 4000
https://www.dollargeneral.com",Consumer Defensive,Discount Stores,170000.0,"Dollar General Corporation, a discount retailer, provides various merchandise products in the southern, southwestern, midwestern, and eastern United States. It offers consumable products, including paper and cleaning products, such as paper towels, bath tissues, paper dinnerware, trash and storage bags, disinfectants, and laundry products; packaged food comprising cereals, pasta, canned soups, fruits and vegetables, condiments, spices, sugar, and flour; and perishables that include milk, eggs, bread, refrigerated and frozen food, beer, and wine. The company's consumable products also comprise snacks, such as candies, cookies, crackers, salty snacks, and carbonated beverages; health and beauty products, including over-the-counter medicines and personal care products, such as soaps, body washes, shampoos, cosmetics, and dental hygiene and foot care products; pet supplies and pet food; and tobacco products. In addition, it offers seasonal products comprising holiday items, toys, batteries, small electronics, greeting cards, stationery, prepaid phones and accessories, gardening supplies, hardware, and automotive and home office supplies; and home products that include kitchen supplies, cookware, small appliances, light bulbs, storage containers, frames, candles, craft supplies and kitchen, and bed and bath soft goods. Further, the company provides apparel, which comprise casual everyday apparel for infants, toddlers, girls, boys, women, and men, as well as socks, underwear, disposable diapers, shoes, and accessories. The company was formerly known as J.L. Turner & Son, Inc. and changed its name to Dollar General Corporation in 1968. Dollar General Corporation was founded in 1939 and is based in Goodlettsville, Tennessee.",17.0,3.3,5.5,8.6,Moderate,2.0,17th percentile,Low,ESG,0.012934701792478933,0,0.005319145395277647
Apple Inc,"One Apple Park Way
Cupertino, CA 95014
United States
408 996 1010
https://www.apple.com",Technology,Consumer Electronics,164000.0,"Apple Inc. designs, manufactures, and markets smartphones, personal computers, tablets, wearables, and accessories worldwide. The company offers iPhone, a line of smartphones; Mac, a line of personal computers; iPad, a line of multi-purpose tablets; and wearables, home, and accessories comprising AirPods, Apple TV, Apple Watch, Beats products, and HomePod. It also provides AppleCare support and cloud services; and operates various platforms, including the App Store that allow customers to discover and download applications and digital content, such as books, music, video, games, and podcasts. In addition, the company offers various services, such as Apple Arcade, a game subscription service; Apple Fitness+, a personalized fitness service; Apple Music, which offers users a curated listening experience with on-demand radio stations; Apple News+, a subscription news and magazine service; Apple TV+, which offers exclusive original content; Apple Card, a co-branded credit card; and Apple Pay, a cashless payment service, as well as licenses its intellectual property. The company serves consumers, and small and mid-sized businesses; and the education, enterprise, and government markets. It distributes third-party applications for its products through the App Store. The company also sells its products through its retail and online stores, and direct sales force; and third-party cellular network carriers, wholesalers, retailers, and resellers. Apple Inc. was incorporated in 1977 and is headquartered in Cupertino, California.",17.0,0.6,9.2,6.9,Significant,3.0,15th percentile,Low,ESG,0.003270442063430142,0,0.005350533186303397
Oracle Corp,"2300 Oracle Way
Austin, TX 78741
United States
737-867-1000
https://www.oracle.com",Technology,Software—Infrastructure,164000.0,"Oracle Corporation offers products and services that address enterprise information technology environments worldwide. Its Oracle cloud software as a service offering include various cloud software applications, including Oracle Fusion cloud enterprise resource planning (ERP), Oracle Fusion cloud enterprise performance management, Oracle Fusion cloud supply chain and manufacturing management, Oracle Fusion cloud human capital management, Oracle Cerner healthcare, Oracle Advertising, and NetSuite applications suite, as well as Oracle Fusion Sales, Service, and Marketing. The company also offers cloud-based industry solutions for various industries; Oracle application licenses; and Oracle license support services. In addition, it provides cloud and license business' infrastructure technologies, such as the Oracle Database and MySQL Database; Java, a software development language; and middleware, including development tools and others. The company's cloud and license business' infrastructure technologies also comprise cloud-based compute, storage, and networking capabilities; and Oracle autonomous database, MySQL HeatWave, Internet-of-Things, digital assistant, and blockchain. Further, it provides hardware products and other hardware-related software offerings, including Oracle engineered systems, enterprise servers, storage solutions, industry-specific hardware, virtualization software, operating systems, management software, and related hardware services; and consulting and customer services. The company markets and sells its cloud, license, hardware, support, and services offerings directly to businesses in various industries, government agencies, and educational institutions, as well as through indirect channels. Oracle Corporation was founded in 1977 and is headquartered in Austin, Texas.",14.0,0.5,5.7,7.7,Moderate,2.0,8th percentile,Low,ESG,0.01888052390631386,0,0.005350533186303397
Aptiv Plc,"5 Hanover Quay
Grand Canal Dock
Dublin D02 VY79
Ireland
353 1 259 7013
https://www.aptiv.com",Consumer Cyclical,Auto Parts,160000.0,"Aptiv PLC engages in design, manufacture, and sale of vehicle components worldwide. The company provides electrical, electronic, and safety technology solutions to the automotive and commercial vehicle markets. It operates in two segments, Signal and Power Solutions, and Advanced Safety and User Experience. The Signal and Power Solutions segment designs, manufactures, and assembles vehicle's electrical architecture, including engineered component products, connectors, wiring assemblies and harnesses, cable management products, electrical centers, and hybrid high voltage and safety distribution systems. The Advanced Safety and User Experience segment provides critical technologies and services for vehicle safety, security, comfort, and convenience, such as sensing and perception systems, electronic control units, multi-domain controllers, vehicle connectivity systems, application software, autonomous driving technologies, and end-to-end DevOps tools. The company was formerly known as Delphi Automotive PLC and changed its name to Aptiv PLC in December 2017. Aptiv PLC was incorporated in 2011 and is based in Dublin, Ireland.",12.0,2.0,5.0,4.0,Low,1.0,4th percentile,Negligible,ESG,-0.009332823386088039,0,0.005371458380320565
Hilton Worldwide Holdings In,"7930 Jones Branch Drive
Suite 1100
McLean, VA 22102
United States
703 883 1000
https://www.hilton.com",Consumer Cyclical,Lodging,159000.0,"Hilton Worldwide Holdings Inc., a hospitality company, engages in managing, franchising, owning, and leasing hotels and resorts. It operates through two segments, Management and Franchise, and Ownership. The company engages in the hotel management and licensing of its brands. It operates luxury hotels under the Waldorf Astoria Hotels & Resorts, LXR Hotels & Resorts, and Conrad Hotels & Resorts brand; lifestyle hotels under the Canopy by Hilton, Curio Collection by Hilton, Tapestry Collection by Hilton, Tempo by Hilton, and Motto by Hilton brand; full service hotels under the Signia by Hilton, Hilton Hotels & Resorts, and DoubleTree by Hilton brand; service hotels under the Hilton Garden Inn, Hampton by Hilton, and Tru by Hilton brand; all-suite hotels under the Embassy Suites by Hilton, Homewood Suites by Hilton, and Home2 Suites by Hilton brand; and premium economy hotel under the Spark by Hilton brand, as well as Hilton Grand Vacations. The company operates in North America, South America, and Central America, including various Caribbean nations; Europe, the Middle East, and Africa; and the Asia Pacific. The company was founded in 1919 and is headquartered in McLean, Virginia.",17.0,7.0,4.0,7.0,Moderate,2.0,17th percentile,Negligible,ESG,0.014400571064125154,0,0.005376689678824856
Intel Corp,"2200 Mission College Boulevard
Santa Clara, CA 95054-1549
United States
408 765 8080
https://www.intel.com",Technology,Semiconductors,131900.0,"Intel Corporation designs, develops, manufactures, markets, and sells computing and related products worldwide. It operates through Client Computing Group, Data Center and AI, Network and Edge, Mobileye, Accelerated Computing Systems and Graphics, Intel Foundry Services, and Other segments. The company offers platform products, such as central processing units and chipsets, and system-on-chip and multichip packages; and accelerators, boards and systems, connectivity products, and memory and storage products. It also provides high-performance computer solutions for targeted verticals and embedded applications for retail, industrial, and healthcare markets; and solutions for assisted and autonomous driving comprising compute platforms, computer vision and machine learning-based sensing, mapping and localization, driving policy, and active sensors. In addition, the company offers workload-optimized platforms and related products for cloud service providers, enterprise and government, and communications service providers. It serves original equipment manufacturers, original design manufacturers, cloud service providers, and other equipment manufacturers. The company has a strategic partnership with Synopsys, Inc. to develop EDA and IP solutions. The company The company was incorporated in 1968 and is headquartered in Santa Clara, California.",17.0,4.4,7.0,5.9,Significant,3.0,16th percentile,Low,ESG,-0.0259036564313397,0,0.005518457868291161
Dxc Technology Co,"20408 Bashan Drive
Suite 231
Ashburn, VA 20147
United States
703 245 9700
https://www.dxc.technology",Technology,Information Technology Services,130000.0,"DXC Technology Company, together with its subsidiaries, provides information technology services and solutions primarily in the United States, the United Kingdom, rest of Europe, Australia, and internationally. It operates in two segments, Global Business Services (GBS) and Global Infrastructure Services (GIS). The GBS segment offers a portfolio of analytics services and extensive partner ecosystem that help its customers to gain rapid insights, automate operations, and accelerate their transformation journeys; and software engineering, consulting, and data analytics solutions that enable businesses to run and manage their mission-critical functions, transform their operations, and develop new ways of doing business. It also simplifies, modernize, and accelerate mission-critical applications that support business agility and growth through applications services. In addition, this segment provides proprietary modular insurance software and platforms; and operates spectrum of insurance business process services, as well as operates bank cards, payment and lending process, and customer experiences. The GIS segment provides security services, such as IT security, operations and culture for the cloud, protecting data with a zero-trust strategy, and manage a security operation center; and cloud infrastructure and IT outsourcing services. It also delivers a consumer-like experience, centralize IT management, and support services, as well as improve the total cost of ownership. In addition, it markets and sells its products through direct sales force to commercial businesses and public sector enterprises. DXC Technology Company was founded in 1959 and is headquartered in Ashburn, Virginia.",16.0,1.0,5.0,10.0,Moderate,2.0,13th percentile,Negligible,ESG,0.004155588811598373,0,0.005528397335449316
Walmart Inc,"702 South West 8th Street
Bentonville, AR 72716
United States
479 273 4000
https://www.stock.walmart.com",Consumer Defensive,Discount Stores,2100000.0,"Walmart Inc. engages in the operation of retail, wholesale, and other units worldwide. The company operates through three segments: Walmart U.S., Walmart International, and Sam's Club. It operates supercenters, supermarkets, hypermarkets, warehouse clubs, cash and carry stores, and discount stores under Walmart and Walmart Neighborhood Market brands; membership-only warehouse clubs; ecommerce websites, such as walmart.com, walmart.com.mx, walmart.ca, flipkart.com, and samsclub.com; and mobile commerce applications. The company offers grocery and consumables, including dry grocery, snacks, dairy, meat, produce, bakery and deli, alcoholic and nonalcoholic beverages, floral, candy, and other grocery items, as well as dry, chilled, or frozen packaged foods; and health and beauty aids, paper goods, laundry and home care, baby care, pet supplies, and other consumable items. It is also involved in the operation of gasoline stations; provision of tobacco; and health and wellness products covering pharmacy, optical and hearing services, and over-the-counter drugs and other medical products. In addition, the company offers home improvement, outdoor living, gardening, furniture, apparel, jewelry, tools and power equipment, housewares, toys, seasonal items, mattresses, and tire and battery centers; and consumer electronics and accessories, software, video games, office supplies, appliances, and third-party gift cards. Further, it operates digital payment platforms; and offers financial services and related products, including money transfers, bill payments, money orders, check cashing, prepaid access, co-branded credit cards, installment lending, and earned wage access. The company was formerly known as Wal-Mart Stores, Inc. and changed its name to Walmart Inc. in February 2018. Walmart Inc. was founded in 1945 and is based in Bentonville, Arkansas.",25.0,4.4,6.3,13.9,High,4.0,43rd percentile,Medium,Traditional,0.0036339244767193,1,-0.0029106754726009876
Amazon.com Inc,"410 Terry Avenue North
Seattle, WA 98109-5210
United States
206 266 1000
https://www.aboutamazon.com",Consumer Cyclical,Internet Retail,1541000.0,"Amazon.com, Inc. engages in the retail sale of consumer products and subscriptions through online and physical stores in North America and internationally. It operates through three segments: North America, International, and Amazon Web Services (AWS). The company's products offered through its stores include merchandise and content purchased for resale; and products offered by third-party sellers. It also manufactures and sells electronic devices, including Kindle, Fire tablets, Fire TVs, Rings, Blink, eero, and Echo; and develops and produces media content. In addition, the company offers programs that enable sellers to sell their products in its stores; and programs that allow authors, musicians, filmmakers, Twitch streamers, skill and app developers, and others to publish and sell content. Further, it provides compute, storage, database, analytics, machine learning, and other services, as well as fulfillment, advertising, and digital content subscriptions. Additionally, the company offers Amazon Prime, a membership program. It serves consumers, sellers, developers, enterprises, content creators, and advertisers. The company was incorporated in 1994 and is headquartered in Seattle, Washington.",30.0,5.6,9.9,14.8,Significant,3.0,64th percentile,High,Traditional,-0.02279961952595676,1,1.3620391298072715e-05
Kroger Co,"1014 Vine Street
Cincinnati, OH 45202-1100
United States
513 762 4000
https://www.thekrogerco.com",Consumer Defensive,Grocery Stores,500000.0,"The Kroger Co. operates as a food and drug retailer in the United States. The company operates combination food and drug stores, multi-department stores, marketplace stores, and price impact warehouses. Its combination food and drug stores offer natural food and organic sections, pharmacies, general merchandise, pet centers, fresh seafood, and organic produce; and multi-department stores provide apparel, home fashion and furnishings, outdoor living, electronics, automotive products, and toys. The company's marketplace stores offer full-service grocery, pharmacy, health and beauty care, and perishable goods, as well as general merchandise, including apparel, home goods, and toys; and price impact warehouse stores provide grocery, and health and beauty care items, as well as meat, dairy, baked goods, and fresh produce items. It also manufactures and processes food products for sale in its supermarkets and online; and sells fuel through fuel centers. The Kroger Co. was founded in 1883 and is based in Cincinnati, Ohio.",21.0,6.5,5.5,9.4,Significant,3.0,30th percentile,Medium,Traditional,0.016312499986664005,1,0.005459402134265732
Starbucks Corp,"2401 Utah Avenue South
Seattle, WA 98134
United States
206 447 1575
https://www.starbucks.com",Consumer Cyclical,Restaurants,402000.0,"Starbucks Corporation, together with its subsidiaries, operates as a roaster, marketer, and retailer of specialty coffee worldwide. The company operates through three segments: North America, International, and Channel Development. Its stores offer coffee and tea beverages, roasted whole beans and ground coffees, single serve products, and ready-to-drink beverages; and various food products, such as pastries, breakfast sandwiches, and lunch items. The company also licenses its trademarks through licensed stores, and grocery and foodservice accounts. The company offers its products under the Starbucks, Teavana, Seattle's Best Coffee, Evolution Fresh, Ethos, Starbucks Reserve, and Princi brands. Starbucks Corporation has company-operated and licensed stores in North America and internationally. The company was founded in 1971 and is based in Seattle, Washington.",25.0,6.1,4.2,14.5,Significant,3.0,43rd percentile,Medium,Traditional,0.006028107084845247,1,0.005972069387686319
Marriott International Cl A,"7750 Wisconsin Avenue
Bethesda, MD 20814
United States
301 380 3000
https://www.marriott.com",Consumer Cyclical,Lodging,377000.0,"Marriott International, Inc. operates, franchises, and licenses hotel, residential, timeshare, and other lodging properties worldwide. The company operates through U.S. and Canada, and International segments. It operates its properties under the JW Marriott, The Ritz-Carlton, Ritz-Carlton Reserve, W Hotels, The Luxury Collection, St. Regis, EDITION, Bvlgari, Renaissance, Le Méridien, Marriott, Sheraton, Westin, Four Points, Delta Hotels by Marriott, Autograph Collection, Tribute Portfolio, Marriott Hotels, Marriott Executive Apartments, Marriott Vacation Club, Gaylord Hotels, Design Hotels, Courtyard, Residence Inn, Fairfield, SpringHill Suites, TownePlace Suites, Protea Hotels, Aloft Hotels, AC Hotels by Marriott, Element Hotels, and Moxy Hotels brand names. It operates properties under 30 brand names in 138 countries and territories. Marriott International, Inc. was founded in 1927 and is headquartered in Bethesda, Maryland.",22.0,8.8,4.1,9.1,Significant,3.0,32nd percentile,Medium,Traditional,0.016028916076744778,1,0.006102851850293611
Fedex Corp,"942 South Shady Grove Road
Memphis, TN 38120
United States
901 818 7500
https://www.fedex.com",Industrials,Integrated Freight & Logistics,328000.0,"FedEx Corporation provides transportation, e-commerce, and business services in the United States and internationally. It operates through FedEx Express, FedEx Ground, FedEx Freight, and FedEx Services segments. The FedEx Express segment offers express transportation, small-package ground delivery, and freight transportation services; and time-critical transportation services. The FedEx Ground segment provides small-package ground delivery services. The FedEx Freight segment offers less-than-truckload freight transportation services. The FedEx Services segment provides sales, marketing, information technology, communications, customer service, technical support, billing and collection, and back-office support services. In addition, the company offers supply chain management solutions; and air and ocean cargo transportation, specialty transportation, customs brokerage, and trade management tools and data. The company was founded in 1971 and is headquartered in Memphis, Tennessee.",20.0,5.3,5.8,9.3,Moderate,2.0,27th percentile,Medium,Traditional,-0.005995278095735296,1,0.006359185477003904
Costco Wholesale Corp,"999 Lake Drive
Issaquah, WA 98027
United States
425 313 8100
https://www.costco.com",Consumer Defensive,Discount Stores,304000.0,"Costco Wholesale Corporation, together with its subsidiaries, engages in the operation of membership warehouses in the United States, Puerto Rico, Canada, the United Kingdom, Mexico, Japan, Korea, Australia, Spain, France, Iceland, China, and Taiwan. It offers branded and private-label products in a range of merchandise categories. The company offers sundries, dry groceries, candies, coolers, freezers, liquor, and tobacco and deli products; appliances, electronics, health and beauty aids, hardware, garden and patio products, sporting goods, tires, toys and seasonal products, office supplies, automotive care products, postages, tickets, apparel, small appliances, furniture, domestics, housewares, special order kiosks, and jewelry; and meat, produce, service deli, and bakery products. It also operates pharmacies, opticals, food courts, hearing-aid centers, and tire installation centers, gas stations; and offers business delivery, travel, same-day grocery, and various other services online in various countries. The company has warehouses in the United States, Puerto Rico, Canada, Mexico, Japan, the United Kingdom, South Korea, Taiwan, Australia, Spain, Iceland, France, and China. It also operates e-commerce websites in the United States, Canada, the United Kingdom, Mexico, South Korea, Taiwan, Japan, and Australia. The company was formerly known as Costco Companies, Inc. and changed its name to Costco Wholesale Corporation in August 1999. Costco Wholesale Corporation was founded in 1976 and is based in Issaquah, Washington.",24.0,7.3,5.7,11.2,Significant,3.0,41st percentile,Medium,Traditional,0.015238732906308568,1,0.006484736641106905
Jpmorgan Chase & Co,"383 Madison Avenue
New York, NY 10179
United States
212 270 6000
https://www.jpmorganchase.com",Financial Services,Banks—Diversified,300066.0,"JPMorgan Chase & Co. operates as a financial services company worldwide. It operates through four segments: Consumer & Community Banking (CCB), Corporate & Investment Bank (CIB), Commercial Banking (CB), and Asset & Wealth Management (AWM). The CCB segment offers deposit, investment and lending products, cash management, and payments and services to consumers and small businesses; mortgage origination and servicing activities; residential mortgages and home equity loans; and credit cards, auto loans, leases, and travel services. The CIB segment provides investment banking products and services, including corporate strategy and structure advisory, and equity and debt markets capital-raising services, as well as loan origination and syndication; payments and cross-border financing; and cash and derivative instruments, risk management solutions, prime brokerage, and research. This segment also offers securities services, including custody, fund accounting and administration, and securities lending products for asset managers, insurance companies, and public and private investment funds. The CB segment provides financial solutions, including lending, payments, investment banking, and asset management to small and midsized companies, local governments, nonprofit clients, and large corporations; and commercial real estate banking services to investors, developers, and owners of multifamily, office, retail, industrial, and affordable housing properties. The AWM segment offers multi-asset investment management solutions in equities, fixed income, alternatives, and money market funds to institutional clients and retail investors; and retirement products and services, brokerage, custody, estate planning, lending, deposits, and investment management products. The company also provides ATM, online and mobile, and telephone banking services. JPMorgan Chase & Co. was founded in 1799 and is headquartered in New York, New York.",29.0,1.1,11.7,16.2,Significant,3.0,60th percentile,Medium,Traditional,0.007645342257123245,1,0.006505316569422788
Citigroup Inc,"388 Greenwich Street
New York, NY 10013
United States
212 559 1000
https://www.citigroup.com",Financial Services,Banks—Diversified,240000.0,"Citigroup Inc., a diversified financial services holding company, provides various financial products and services to consumers, corporations, governments, and institutions in North America, Latin America, Asia, Europe, the Middle East, and Africa. It operates through three segments: Institutional Clients Group (ICG), Personal Banking and Wealth Management (PBWM), and Legacy Franchises. The ICG segment offers wholesale banking products and services, including fixed income and equity sales and trading, foreign exchange, prime brokerage, derivative, equity and fixed income research, corporate lending, investment banking and advisory, private banking, cash management, trade finance, and securities services to corporate, institutional, and public sector clients. The PBWM segment offers traditional banking services to retail and small business customers through retail banking, cash, rewards, value portfolios, and co-branded cards. It also provides various banking, credit cards, custody, trust, mortgages, home equity, small business, and personal consumer loans. The Legacy Franchises segment provides traditional retail banking and branded card products to retail and small business customers. The company was founded in 1812 and is headquartered in New York, New York.",27.0,1.8,11.8,13.1,High,4.0,51st percentile,Medium,Traditional,-0.0035679220492777185,1,0.006819539745381574
Wells Fargo & Co,"420 Montgomery Street
San Francisco, CA 94104
United States
866 249 3302
https://www.wellsfargo.com",Financial Services,Banks—Diversified,233834.0,"Wells Fargo & Company, a diversified financial services company, provides banking, investment, mortgage, and consumer and commercial finance products and services in the United States and internationally. It operates through four segments: Consumer Banking and Lending; Commercial Banking; Corporate and Investment Banking; and Wealth and Investment Management. The Consumer Banking and Lending segment offers diversified financial products and services for consumers and small businesses. Its financial products and services include checking and savings accounts, and credit and debit cards, as well as home, auto, personal, and small business lending services. The Commercial Banking segment provides financial solutions to private, family owned, and certain public companies. Its products and services include banking and credit products across various industry sectors and municipalities, secured lending and lease products, and treasury management services. The Corporate and Investment Banking segment offers a suite of capital markets, banking, and financial products and services to corporate, commercial real estate, government, and institutional clients. Its products and services comprise corporate banking, investment banking, treasury management, commercial real estate lending and servicing, equity, and fixed income solutions, as well as sales, trading, and research capabilities services. The Wealth and Investment Management segment provides personalized wealth management, brokerage, financial planning, lending, private banking, and trust and fiduciary products and services to affluent, high-net worth, and ultra-high-net worth clients. It also operates through financial advisors. Its serves to independent offices and consumer banks. The company was founded in 1852 and is headquartered in San Francisco, California.",33.0,1.9,15.5,15.4,Severe,5.0,73rd percentile,High,Traditional,0.01999882485429223,1,0.006851795931959036
Cvs Health Corp,"One CVS Drive
Woonsocket, RI 02895
United States
401 765 1500
https://www.cvshealth.com",Healthcare,Healthcare Plans,219000.0,"CVS Health Corporation provides health services in the United States. It operates through Health Care Benefits, Pharmacy Services, and Retail/LTC segments. The Health Care Benefits segment offers traditional, voluntary, and consumer-directed health insurance products and related services. It serves employer groups, individuals, college students, part-time and hourly workers, health plans, health care providers, governmental units, government-sponsored plans, labor groups, and expatriates. The Pharmacy Services segment offers pharmacy benefit management solutions, including plan design and administration, formulary management, retail pharmacy network management, mail order pharmacy, specialty pharmacy and infusion, clinical, and disease and medical spend management services. It serves employers, insurance companies, unions, government employee groups, health plans, prescription drug plans, Medicaid managed care plans, plans offered on public health insurance and private health insurance exchanges, other sponsors of health benefit plans, and individuals. This segment operates retail specialty pharmacy stores; and specialty mail-order, mail-order dispensing, and compounding pharmacies, as well as branches for infusion and enteral nutrition services. The Retail/LTC segment sells prescription and over-the-counter drugs, consumer health and beauty products, and personal care products; and provides health care services through its MinuteClinic walk-in medical clinics. This segment also distributes prescription drugs; and provides related pharmacy consulting and other ancillary services to care facilities and other care settings. The company was formerly known as CVS Caremark Corporation and changed its name to CVS Health Corporation in September 2014. CVS Health Corporation was incorporated in 1996 and is headquartered in Woonsocket, Rhode Island.",23.0,0.0,6.4,16.4,Significant,3.0,36th percentile,Medium,Traditional,0.015305192328488733,1,0.006929397013971699
Bank of America Corp,"Bank of America Corporate Center
100 North Tryon Street
Charlotte, NC 28255
United States
704 386 5681
https://www.bankofamerica.com",Financial Services,Banks—Diversified,216000.0,"Bank of America Corporation, through its subsidiaries, provides banking and financial products and services for individual consumers, small and middle-market businesses, institutional investors, large corporations, and governments worldwide. Its Consumer Banking segment offers traditional and money market savings accounts, certificates of deposit and IRAs, noninterest-and interest-bearing checking accounts, and investment accounts and products; and credit and debit cards, residential mortgages, and home equity loans, as well as direct and indirect loans, such as automotive, recreational vehicle, and consumer personal loans. The company's Global Wealth & Investment Management segment offers investment management, brokerage, banking, and trust and retirement products and services; and wealth management solutions, as well as customized solutions, including specialty asset management services. Its Global Banking segment provides lending products and services, including commercial loans, leases, commitment facilities, trade finance, and commercial real estate and asset-based lending; treasury solutions, such as treasury management, foreign exchange, and short-term investing options and merchant services; working capital management solutions; and debt and equity underwriting and distribution, and merger-related and other advisory services. The company's Global Markets segment offers market-making, financing, securities clearing, settlement, and custody services, as well as risk management products using interest rate, equity, credit, currency and commodity derivatives, foreign exchange, fixed-income, and mortgage-related products. The company was founded in 1784 and is based in Charlotte, North Carolina.",27.0,1.6,11.2,14.4,Significant,3.0,52nd percentile,Medium,Traditional,0.010952095540786829,1,0.006945090909484575
Hca Healthcare Inc,"One Park Plaza
Nashville, TN 37203
United States
615 344 9551
https://www.hcahealthcare.com",Healthcare,Medical Care Facilities,207000.0,"HCA Healthcare, Inc., through its subsidiaries, provides health care services in the United States. It operates general and acute care hospitals that offers medical and surgical services, including inpatient care, intensive care, cardiac care, diagnostic, and emergency services; and outpatient services, such as outpatient surgery, laboratory, radiology, respiratory therapy, cardiology, and physical therapy. The company also operates outpatient health care facilities consisting of freestanding ambulatory surgery centers, freestanding emergency care facilities, urgent care facilities, walk-in clinics, diagnostic and imaging centers, rehabilitation and physical therapy centers, radiation and oncology therapy centers, physician practices, and various other facilities. In addition, it operates psychiatric hospitals, which provide therapeutic programs comprising child, adolescent and adult psychiatric care, adolescent and adult alcohol, drug abuse treatment, and counseling services. The company was formerly known as HCA Holdings, Inc. HCA Healthcare, Inc. was founded in 1968 and is headquartered in Nashville, Tennessee.",28.0,3.5,7.4,17.3,Moderate,2.0,57th percentile,Medium,Traditional,0.023727690606506383,1,0.006992172596023199
Darden Restaurants Inc,"1000 Darden Center Drive
Orlando, FL 32837
United States
407 245 4000
https://www.darden.com",Consumer Cyclical,Restaurants,187384.0,"Darden Restaurants, Inc., through its subsidiaries, owns and operates full-service restaurants in the United States and Canada. It operates under Olive Garden, LongHorn Steakhouse, Cheddar's Scratch Kitchen, Yard House, The Capital Grille, Seasons 52, Bahama Breeze, Eddie V's Prime Seafood, and Capital Burger brands. Darden Restaurants, Inc. was founded in 1968 and is based in Orlando, Florida.",28.0,8.4,4.6,15.0,Moderate,2.0,57th percentile,Medium,Traditional,0.012124677802933624,1,0.007094789747483386
Comcast Corp Class A,"One Comcast Center
Philadelphia, PA 19103-2838
United States
215 286 1700
https://corporate.comcast.com",Communication Services,Telecom Services,186000.0,"Comcast Corporation operates as a media and technology company worldwide. It operates through Residential Connectivity & Platforms, Business Services Connectivity, Media, Studios, and Theme Parks segments. The Residential Connectivity & Platforms segment provides residential broadband and wireless connectivity services, residential and business video services, advertising sales, and Sky channels. The Business Services Connectivity segment offers connectivity services for small business locations, which include broadband, voice, and wireless services, as well as solutions for medium-sized customers and larger enterprises; and small business connectivity services for international locations. The Media segment operates NBCUniversal's television and streaming business, including national and regional cable networks; the NBC and Telemundo broadcast networks; NBC and Telemundo owned local broadcast television stations; and Peacock, a direct-to-consumer streaming service. It also operates international networks comprising the Sky Sports channels, as well as other digital properties. The Studios segment operates NBCUniversal and Sky film and television studio production and distribution operations. The Theme Parks segment operates Universal theme parks in Orlando, Florida; Hollywood, California; Osaka, Japan; and Beijing, China. The company also owns the Philadelphia Flyers and the Wells Fargo Center arena in Philadelphia, Pennsylvania; and operates Xumo, a consolidated streaming platform. Comcast Corporation was founded in 1963 and is headquartered in Philadelphia, Pennsylvania.",25.0,4.6,8.1,12.1,Moderate,2.0,43rd percentile,Medium,Traditional,-0.00984465747601503,1,0.0071020298646133255
Alphabet Inc Cl A,"1600 Amphitheatre Parkway
Mountain View, CA 94043
United States
650 253 0000
https://www.abc.xyz",Communication Services,Internet Content & Information,181798.0,"Alphabet Inc. offers various products and platforms in the United States, Europe, the Middle East, Africa, the Asia-Pacific, Canada, and Latin America. It operates through Google Services, Google Cloud, and Other Bets segments. The Google Services segment provides products and services, including ads, Android, Chrome, hardware, Gmail, Google Drive, Google Maps, Google Photos, Google Play, Search, and YouTube. It is also involved in the sale of apps and in-app purchases and digital content in the Google Play store; and Fitbit wearable devices, Google Nest home products, Pixel phones, and other devices, as well as in the provision of YouTube non-advertising services. The Google Cloud segment offers infrastructure, cybersecurity, data, analytics, AI, and machine learning, and other services; Google Workspace that include cloud-based collaboration tools for enterprises, such as Gmail, Docs, Drive, Calendar, and Meet; and other services for enterprise customers. The Other Bets segment sells health technology and internet services. The company was founded in 1998 and is headquartered in Mountain View, California.",24.0,1.7,11.4,11.1,High,4.0,41st percentile,Medium,Traditional,0.0018483723392998073,1,0.007124011780928359
Ford Motor Co,"One American Road
Dearborn, MI 48126-1899
United States
313 322 3000
https://www.ford.com",Consumer Cyclical,Auto Manufacturers,173000.0,"Ford Motor Company develops, delivers, and services a range of Ford trucks, commercial cars and vans, sport utility vehicles, and Lincoln luxury vehicles worldwide. It operates through Ford Blue, Ford Model e, and Ford Pro; Ford Next; and Ford Credit segments. The company sells Ford and Lincoln vehicles, service parts, and accessories through distributors and dealers, as well as through dealerships to commercial fleet customers, daily rental car companies, and governments. It also engages in vehicle-related financing and leasing activities to and through automotive dealers. In addition, the company provides retail installment sale contracts for new and used vehicles; and direct financing leases for new vehicles to retail and commercial customers, such as leasing companies, government entities, daily rental companies, and fleet customers. Further, it offers wholesale loans to dealers to finance the purchase of vehicle inventory; and loans to dealers to finance working capital and enhance dealership facilities, purchase dealership real estate, and other dealer vehicle programs. The company was incorporated in 1903 and is based in Dearborn, Michigan.",30.0,9.3,9.4,11.3,Significant,3.0,63rd percentile,Medium,Traditional,0.01611872262487964,1,0.007170036745169118
General Electric Co,"5 Necco Street
Boston, MA 02210
United States
617 443 3000
https://www.ge.com",Industrials,Specialty Industrial Machinery,172000.0,"General Electric Company operates as a high-tech industrial company in Europe, China, Asia, the Americas, the Middle East, and Africa. It offers gas and steam turbines, full balance of plant, upgrade, and service solutions, as well as data-leveraging software for power generation, industrial, government, and other customers. The company also provides various solutions for its customers through combining onshore and offshore wind, blade manufacturing, grid solutions, hydro, storage, hybrid renewables, and digital services offerings. In addition, it designs and produces commercial and military aircraft engines, integrated engine components, electric power, and mechanical aircraft systems; and provides aftermarket services. Further, it provides healthcare technologies to developed and emerging markets in medical imaging, digital solutions, patient monitoring and diagnostics, and drug discovery and performance improvement solutions that are the building blocks of precision health to hospitals and medical facilities. Additionally, the company engages in the provision of various financial solutions; and management of run-off insurance operations, which provides life and health insurance and reinsurance products, as well as grid management software. General Electric Company was incorporated in 1892 and is headquartered in Boston, Massachusetts.",41.0,14.1,11.6,15.0,Significant,3.0,90th percentile,Severe,Traditional,0.004962767542688124,1,0.007175268043673409
General Motors Co,"300 Renaissance Center
Detroit, MI 48265-3000
United States
313 667 1500
https://www.gm.com",Consumer Cyclical,Auto Manufacturers,167000.0,"General Motors Company designs, builds, and sells trucks, crossovers, cars, and automobile parts; and provide software-enabled services and subscriptions worldwide. The company operates through GM North America, GM International, Cruise, and GM Financial segments. It markets its vehicles primarily under the Buick, Cadillac, Chevrolet, GMC, Baojun, and Wuling brand names. The company also sells trucks, crossovers, cars, and automobile parts through retail dealers, and distributors and dealers, as well as to fleet customers, including daily rental car companies, commercial fleet customers, leasing companies, and governments. In addition, it offers range of after-sale services through dealer network, such as maintenance, light repairs, collision repairs, vehicle accessories, and extended service warranties; and safety and security services for retail and fleet customers, including automatic crash response, emergency services, roadside assistance, crisis assist, stolen vehicle assistance, and turn-by-turn navigation. Further, the company provides connected services comprising mobile applications for owners to remotely control their vehicles and electric vehicle owners to locate charging stations, on-demand vehicle diagnostics, GM Smart Driver, Amazon Alexa in-vehicle voice, Google's Voice Assistant, navigation and app ecosystem, connected navigation, SiriusXM with 360L, and 4G LTE wireless connectivity. Additionally, the company provides automotive financing and insurance services; and software-enabled services and subscriptions. General Motors Company was founded in 1908 and is headquartered in Detroit, Michigan.",31.0,10.3,7.7,12.9,High,4.0,66th percentile,High,Traditional,-0.012069830641287005,1,0.007201424536194868
At&t Inc,"208 South Akard Street
Dallas, TX 75202
United States
210 821 4105
https://www.att.com",Communication Services,Telecom Services,160700.0,"AT&T Inc. provides telecommunications and technology services worldwide. The company operates through two segments, Communications and Latin America. The Communications segment offers wireless voice and data communications services; and sells handsets, wireless data cards, wireless computing devices, and carrying cases and hands-free devices through its own company-owned stores, agents, and third-party retail stores. It also provides Virtual Private Networks, AT&T Dedicated Internet, Ethernet, data services, security, cloud solutions, outsourcing, and managed and professional services, as well as customer premises equipment for multinational corporations, small and mid-sized businesses, governmental, and wholesale customers. In addition, this segment offers broadband services, including fiber connections and legacy telephony voice communication services to residential customers. This segment markets its communications services and products under the AT&T, Cricket, AT&T PREPAID, and AT&T Fiber brand names. The Latin America segment provides postpaid and prepaid wireless services in Mexico under the AT&T and Unefon brand names, as well as sells smartphones through its owned stores, agents and third-party retail stores. The company was formerly known as SBC Communications Inc. and changed its name to AT&T Inc. in 2005. AT&T Inc. was incorporated in 1983 and is based in Dallas, Texas.",22.0,2.3,6.7,13.1,Significant,3.0,32nd percentile,Medium,Traditional,0.002977886971032474,1,0.0072343817167719055
